GEO.id,GEO.id2,GEO.display-label,D001
Id,Id2,Geography,Total
8600000US60002,60002,ZCTA5 60002,24299
8600000US60004,60004,ZCTA5 60004,50582
8600000US60005,60005,ZCTA5 60005,29308
8600000US60007,60007,ZCTA5 60007,33820
8600000US60008,60008,ZCTA5 60008,22717
8600000US60010,60010,ZCTA5 60010,44095
8600000US60012,60012,ZCTA5 60012,11120
8600000US60013,60013,ZCTA5 60013,26872
8600000US60014,60014,ZCTA5 60014,48550
8600000US60015,60015,ZCTA5 60015,26800
8600000US60016,60016,ZCTA5 60016,59690
8600000US60018,60018,ZCTA5 60018,30099
8600000US60020,60020,ZCTA5 60020,9825
8600000US60021,60021,ZCTA5 60021,5545
8600000US60022,60022,ZCTA5 60022,8153
8600000US60025,60025,ZCTA5 60025,39105
8600000US60026,60026,ZCTA5 60026,13335
8600000US60029,60029,ZCTA5 60029,482
8600000US60030,60030,ZCTA5 60030,36056
8600000US60031,60031,ZCTA5 60031,37947
8600000US60033,60033,ZCTA5 60033,13922
8600000US60034,60034,ZCTA5 60034,2040
8600000US60035,60035,ZCTA5 60035,29763
8600000US60040,60040,ZCTA5 60040,5431
8600000US60041,60041,ZCTA5 60041,9250
8600000US60042,60042,ZCTA5 60042,8547
8600000US60043,60043,ZCTA5 60043,2513
8600000US60044,60044,ZCTA5 60044,9792
8600000US60045,60045,ZCTA5 60045,20925
8600000US60046,60046,ZCTA5 60046,35111
8600000US60047,60047,ZCTA5 60047,41669
8600000US60048,60048,ZCTA5 60048,29095
8600000US60050,60050,ZCTA5 60050,31620
8600000US60051,60051,ZCTA5 60051,25192
8600000US60053,60053,ZCTA5 60053,23260
8600000US60056,60056,ZCTA5 60056,55219
8600000US60060,60060,ZCTA5 60060,37189
8600000US60061,60061,ZCTA5 60061,25748
8600000US60062,60062,ZCTA5 60062,39936
8600000US60064,60064,ZCTA5 60064,15407
8600000US60067,60067,ZCTA5 60067,38585
8600000US60068,60068,ZCTA5 60068,37475
8600000US60069,60069,ZCTA5 60069,8384
8600000US60070,60070,ZCTA5 60070,16001
8600000US60071,60071,ZCTA5 60071,3598
8600000US60072,60072,ZCTA5 60072,928
8600000US60073,60073,ZCTA5 60073,60002
8600000US60074,60074,ZCTA5 60074,38985
8600000US60076,60076,ZCTA5 60076,33415
8600000US60077,60077,ZCTA5 60077,26825
8600000US60081,60081,ZCTA5 60081,10079
8600000US60083,60083,ZCTA5 60083,9838
8600000US60084,60084,ZCTA5 60084,16771
8600000US60085,60085,ZCTA5 60085,71714
8600000US60087,60087,ZCTA5 60087,26978
8600000US60088,60088,ZCTA5 60088,15761
8600000US60089,60089,ZCTA5 60089,41533
8600000US60090,60090,ZCTA5 60090,37633
8600000US60091,60091,ZCTA5 60091,27020
8600000US60093,60093,ZCTA5 60093,19570
8600000US60096,60096,ZCTA5 60096,6897
8600000US60097,60097,ZCTA5 60097,11250
8600000US60098,60098,ZCTA5 60098,32228
8600000US60099,60099,ZCTA5 60099,31104
8600000US60101,60101,ZCTA5 60101,39119
8600000US60102,60102,ZCTA5 60102,32193
8600000US60103,60103,ZCTA5 60103,41928
8600000US60104,60104,ZCTA5 60104,19038
8600000US60106,60106,ZCTA5 60106,20309
8600000US60107,60107,ZCTA5 60107,39927
8600000US60108,60108,ZCTA5 60108,22735
8600000US60109,60109,ZCTA5 60109,560
8600000US60110,60110,ZCTA5 60110,38557
8600000US60111,60111,ZCTA5 60111,258
8600000US60112,60112,ZCTA5 60112,4560
8600000US60113,60113,ZCTA5 60113,337
8600000US60115,60115,ZCTA5 60115,46272
8600000US60118,60118,ZCTA5 60118,15851
8600000US60119,60119,ZCTA5 60119,10371
8600000US60120,60120,ZCTA5 60120,50955
8600000US60123,60123,ZCTA5 60123,47405
8600000US60124,60124,ZCTA5 60124,18935
8600000US60126,60126,ZCTA5 60126,46371
8600000US60129,60129,ZCTA5 60129,242
8600000US60130,60130,ZCTA5 60130,14167
8600000US60131,60131,ZCTA5 60131,18097
8600000US60133,60133,ZCTA5 60133,38103
8600000US60134,60134,ZCTA5 60134,28565
8600000US60135,60135,ZCTA5 60135,7248
8600000US60136,60136,ZCTA5 60136,7013
8600000US60137,60137,ZCTA5 60137,37805
8600000US60139,60139,ZCTA5 60139,34381
8600000US60140,60140,ZCTA5 60140,14341
8600000US60141,60141,ZCTA5 60141,224
8600000US60142,60142,ZCTA5 60142,26447
8600000US60143,60143,ZCTA5 60143,10360
8600000US60144,60144,ZCTA5 60144,58
8600000US60145,60145,ZCTA5 60145,2627
8600000US60146,60146,ZCTA5 60146,2713
8600000US60148,60148,ZCTA5 60148,51468
8600000US60150,60150,ZCTA5 60150,1794
8600000US60151,60151,ZCTA5 60151,4061
8600000US60152,60152,ZCTA5 60152,12533
8600000US60153,60153,ZCTA5 60153,24106
8600000US60154,60154,ZCTA5 60154,16773
8600000US60155,60155,ZCTA5 60155,7927
8600000US60156,60156,ZCTA5 60156,28987
8600000US60157,60157,ZCTA5 60157,2380
8600000US60160,60160,ZCTA5 60160,25432
8600000US60162,60162,ZCTA5 60162,8111
8600000US60163,60163,ZCTA5 60163,5209
8600000US60164,60164,ZCTA5 60164,22048
8600000US60165,60165,ZCTA5 60165,4946
8600000US60169,60169,ZCTA5 60169,33847
8600000US60171,60171,ZCTA5 60171,10246
8600000US60172,60172,ZCTA5 60172,24537
8600000US60173,60173,ZCTA5 60173,12217
8600000US60174,60174,ZCTA5 60174,30752
8600000US60175,60175,ZCTA5 60175,25564
8600000US60176,60176,ZCTA5 60176,11795
8600000US60177,60177,ZCTA5 60177,22659
8600000US60178,60178,ZCTA5 60178,21840
8600000US60180,60180,ZCTA5 60180,1694
8600000US60181,60181,ZCTA5 60181,28836
8600000US60184,60184,ZCTA5 60184,2448
8600000US60185,60185,ZCTA5 60185,36527
8600000US60187,60187,ZCTA5 60187,29016
8600000US60188,60188,ZCTA5 60188,42656
8600000US60189,60189,ZCTA5 60189,30472
8600000US60190,60190,ZCTA5 60190,10663
8600000US60191,60191,ZCTA5 60191,14310
8600000US60192,60192,ZCTA5 60192,16343
8600000US60193,60193,ZCTA5 60193,39188
8600000US60194,60194,ZCTA5 60194,19777
8600000US60195,60195,ZCTA5 60195,4769
8600000US60201,60201,ZCTA5 60201,43125
8600000US60202,60202,ZCTA5 60202,31361
8600000US60203,60203,ZCTA5 60203,4523
8600000US60301,60301,ZCTA5 60301,2539
8600000US60302,60302,ZCTA5 60302,32108
8600000US60304,60304,ZCTA5 60304,17231
8600000US60305,60305,ZCTA5 60305,11172
8600000US60401,60401,ZCTA5 60401,7797
8600000US60402,60402,ZCTA5 60402,63448
8600000US60403,60403,ZCTA5 60403,17529
8600000US60404,60404,ZCTA5 60404,17395
8600000US60406,60406,ZCTA5 60406,25460
8600000US60407,60407,ZCTA5 60407,1684
8600000US60408,60408,ZCTA5 60408,5696
8600000US60409,60409,ZCTA5 60409,37186
8600000US60410,60410,ZCTA5 60410,12687
8600000US60411,60411,ZCTA5 60411,58136
8600000US60415,60415,ZCTA5 60415,14139
8600000US60416,60416,ZCTA5 60416,9397
8600000US60417,60417,ZCTA5 60417,15547
8600000US60419,60419,ZCTA5 60419,22788
8600000US60420,60420,ZCTA5 60420,6102
8600000US60421,60421,ZCTA5 60421,3968
8600000US60422,60422,ZCTA5 60422,9403
8600000US60423,60423,ZCTA5 60423,30423
8600000US60424,60424,ZCTA5 60424,2440
8600000US60425,60425,ZCTA5 60425,9117
8600000US60426,60426,ZCTA5 60426,29594
8600000US60428,60428,ZCTA5 60428,12203
8600000US60429,60429,ZCTA5 60429,15630
8600000US60430,60430,ZCTA5 60430,20094
8600000US60431,60431,ZCTA5 60431,22577
8600000US60432,60432,ZCTA5 60432,21403
8600000US60433,60433,ZCTA5 60433,17160
8600000US60435,60435,ZCTA5 60435,48899
8600000US60436,60436,ZCTA5 60436,18315
8600000US60437,60437,ZCTA5 60437,187
8600000US60438,60438,ZCTA5 60438,28884
8600000US60439,60439,ZCTA5 60439,22919
8600000US60440,60440,ZCTA5 60440,52911
8600000US60441,60441,ZCTA5 60441,36869
8600000US60442,60442,ZCTA5 60442,9924
8600000US60443,60443,ZCTA5 60443,21145
8600000US60444,60444,ZCTA5 60444,1761
8600000US60445,60445,ZCTA5 60445,26057
8600000US60446,60446,ZCTA5 60446,39807
8600000US60447,60447,ZCTA5 60447,13709
8600000US60448,60448,ZCTA5 60448,24423
8600000US60449,60449,ZCTA5 60449,9217
8600000US60450,60450,ZCTA5 60450,20332
8600000US60451,60451,ZCTA5 60451,34063
8600000US60452,60452,ZCTA5 60452,27969
8600000US60453,60453,ZCTA5 60453,56855
8600000US60455,60455,ZCTA5 60455,16446
8600000US60456,60456,ZCTA5 60456,4349
8600000US60457,60457,ZCTA5 60457,14049
8600000US60458,60458,ZCTA5 60458,14428
8600000US60459,60459,ZCTA5 60459,28929
8600000US60460,60460,ZCTA5 60460,1522
8600000US60461,60461,ZCTA5 60461,4836
8600000US60462,60462,ZCTA5 60462,38723
8600000US60463,60463,ZCTA5 60463,14671
8600000US60464,60464,ZCTA5 60464,9620
8600000US60465,60465,ZCTA5 60465,17495
8600000US60466,60466,ZCTA5 60466,22115
8600000US60467,60467,ZCTA5 60467,26046
8600000US60468,60468,ZCTA5 60468,6116
8600000US60469,60469,ZCTA5 60469,5930
8600000US60470,60470,ZCTA5 60470,616
8600000US60471,60471,ZCTA5 60471,14101
8600000US60472,60472,ZCTA5 60472,5390
8600000US60473,60473,ZCTA5 60473,22439
8600000US60474,60474,ZCTA5 60474,760
8600000US60475,60475,ZCTA5 60475,9870
8600000US60476,60476,ZCTA5 60476,2391
8600000US60477,60477,ZCTA5 60477,38161
8600000US60478,60478,ZCTA5 60478,16833
8600000US60479,60479,ZCTA5 60479,760
8600000US60480,60480,ZCTA5 60480,5246
8600000US60481,60481,ZCTA5 60481,11851
8600000US60482,60482,ZCTA5 60482,11063
8600000US60484,60484,ZCTA5 60484,6829
8600000US60487,60487,ZCTA5 60487,26928
8600000US60490,60490,ZCTA5 60490,20463
8600000US60491,60491,ZCTA5 60491,22743
8600000US60501,60501,ZCTA5 60501,11626
8600000US60502,60502,ZCTA5 60502,21873
8600000US60503,60503,ZCTA5 60503,16717
8600000US60504,60504,ZCTA5 60504,37919
8600000US60505,60505,ZCTA5 60505,76573
8600000US60506,60506,ZCTA5 60506,53013
8600000US60510,60510,ZCTA5 60510,28897
8600000US60511,60511,ZCTA5 60511,1793
8600000US60512,60512,ZCTA5 60512,1111
8600000US60513,60513,ZCTA5 60513,19047
8600000US60514,60514,ZCTA5 60514,9708
8600000US60515,60515,ZCTA5 60515,27503
8600000US60516,60516,ZCTA5 60516,29084
8600000US60517,60517,ZCTA5 60517,32038
8600000US60518,60518,ZCTA5 60518,3580
8600000US60519,60519,ZCTA5 60519,88
8600000US60520,60520,ZCTA5 60520,2886
8600000US60521,60521,ZCTA5 60521,17597
8600000US60523,60523,ZCTA5 60523,9890
8600000US60525,60525,ZCTA5 60525,31168
8600000US60526,60526,ZCTA5 60526,13576
8600000US60527,60527,ZCTA5 60527,27486
8600000US60530,60530,ZCTA5 60530,649
8600000US60531,60531,ZCTA5 60531,1902
8600000US60532,60532,ZCTA5 60532,27066
8600000US60534,60534,ZCTA5 60534,10649
8600000US60536,60536,ZCTA5 60536,126
8600000US60537,60537,ZCTA5 60537,665
8600000US60538,60538,ZCTA5 60538,26619
8600000US60539,60539,ZCTA5 60539,341
8600000US60540,60540,ZCTA5 60540,42910
8600000US60541,60541,ZCTA5 60541,3148
8600000US60542,60542,ZCTA5 60542,17099
8600000US60543,60543,ZCTA5 60543,36156
8600000US60544,60544,ZCTA5 60544,25959
8600000US60545,60545,ZCTA5 60545,12940
8600000US60546,60546,ZCTA5 60546,15668
8600000US60548,60548,ZCTA5 60548,12218
8600000US60549,60549,ZCTA5 60549,643
8600000US60550,60550,ZCTA5 60550,1440
8600000US60551,60551,ZCTA5 60551,5062
8600000US60552,60552,ZCTA5 60552,4448
8600000US60553,60553,ZCTA5 60553,782
8600000US60554,60554,ZCTA5 60554,11796
8600000US60555,60555,ZCTA5 60555,13538
8600000US60556,60556,ZCTA5 60556,2007
8600000US60557,60557,ZCTA5 60557,155
8600000US60558,60558,ZCTA5 60558,12960
8600000US60559,60559,ZCTA5 60559,24852
8600000US60560,60560,ZCTA5 60560,22415
8600000US60561,60561,ZCTA5 60561,23115
8600000US60563,60563,ZCTA5 60563,35922
8600000US60564,60564,ZCTA5 60564,41312
8600000US60565,60565,ZCTA5 60565,40524
8600000US60585,60585,ZCTA5 60585,22311
8600000US60586,60586,ZCTA5 60586,46251
8600000US60601,60601,ZCTA5 60601,11110
8600000US60602,60602,ZCTA5 60602,1204
8600000US60603,60603,ZCTA5 60603,493
8600000US60604,60604,ZCTA5 60604,570
8600000US60605,60605,ZCTA5 60605,24668
8600000US60606,60606,ZCTA5 60606,2308
8600000US60607,60607,ZCTA5 60607,23897
8600000US60608,60608,ZCTA5 60608,82739
8600000US60609,60609,ZCTA5 60609,64906
8600000US60610,60610,ZCTA5 60610,37726
8600000US60611,60611,ZCTA5 60611,28718
8600000US60612,60612,ZCTA5 60612,33472
8600000US60613,60613,ZCTA5 60613,48281
8600000US60614,60614,ZCTA5 60614,66617
8600000US60615,60615,ZCTA5 60615,40603
8600000US60616,60616,ZCTA5 60616,48433
8600000US60617,60617,ZCTA5 60617,84155
8600000US60618,60618,ZCTA5 60618,92084
8600000US60619,60619,ZCTA5 60619,63825
8600000US60620,60620,ZCTA5 60620,72216
8600000US60621,60621,ZCTA5 60621,35912
8600000US60622,60622,ZCTA5 60622,52548
8600000US60623,60623,ZCTA5 60623,92108
8600000US60624,60624,ZCTA5 60624,38105
8600000US60625,60625,ZCTA5 60625,78651
8600000US60626,60626,ZCTA5 60626,50139
8600000US60628,60628,ZCTA5 60628,72202
8600000US60629,60629,ZCTA5 60629,113916
8600000US60630,60630,ZCTA5 60630,54093
8600000US60631,60631,ZCTA5 60631,28641
8600000US60632,60632,ZCTA5 60632,91326
8600000US60633,60633,ZCTA5 60633,12927
8600000US60634,60634,ZCTA5 60634,74298
8600000US60636,60636,ZCTA5 60636,40916
8600000US60637,60637,ZCTA5 60637,49503
8600000US60638,60638,ZCTA5 60638,55026
8600000US60639,60639,ZCTA5 60639,90407
8600000US60640,60640,ZCTA5 60640,65790
8600000US60641,60641,ZCTA5 60641,71663
8600000US60642,60642,ZCTA5 60642,18480
8600000US60643,60643,ZCTA5 60643,49952
8600000US60644,60644,ZCTA5 60644,48648
8600000US60645,60645,ZCTA5 60645,45274
8600000US60646,60646,ZCTA5 60646,27177
8600000US60647,60647,ZCTA5 60647,87291
8600000US60649,60649,ZCTA5 60649,46650
8600000US60651,60651,ZCTA5 60651,64267
8600000US60652,60652,ZCTA5 60652,40959
8600000US60653,60653,ZCTA5 60653,29908
8600000US60654,60654,ZCTA5 60654,14875
8600000US60655,60655,ZCTA5 60655,28550
8600000US60656,60656,ZCTA5 60656,27613
8600000US60657,60657,ZCTA5 60657,65996
8600000US60659,60659,ZCTA5 60659,38104
8600000US60660,60660,ZCTA5 60660,42752
8600000US60661,60661,ZCTA5 60661,7792
8600000US60706,60706,ZCTA5 60706,23134
8600000US60707,60707,ZCTA5 60707,42920
8600000US60712,60712,ZCTA5 60712,12590
8600000US60714,60714,ZCTA5 60714,29931
8600000US60803,60803,ZCTA5 60803,22285
8600000US60804,60804,ZCTA5 60804,84573
8600000US60805,60805,ZCTA5 60805,19852
8600000US60827,60827,ZCTA5 60827,27946
8600000US60901,60901,ZCTA5 60901,37157
8600000US60910,60910,ZCTA5 60910,538
8600000US60911,60911,ZCTA5 60911,1372
8600000US60912,60912,ZCTA5 60912,599
8600000US60913,60913,ZCTA5 60913,1617
8600000US60914,60914,ZCTA5 60914,29107
8600000US60915,60915,ZCTA5 60915,10774
8600000US60917,60917,ZCTA5 60917,574
8600000US60918,60918,ZCTA5 60918,898
8600000US60919,60919,ZCTA5 60919,558
8600000US60920,60920,ZCTA5 60920,178
8600000US60921,60921,ZCTA5 60921,1519
8600000US60922,60922,ZCTA5 60922,2459
8600000US60924,60924,ZCTA5 60924,1635
8600000US60926,60926,ZCTA5 60926,67
8600000US60927,60927,ZCTA5 60927,2404
8600000US60928,60928,ZCTA5 60928,709
8600000US60929,60929,ZCTA5 60929,730
8600000US60930,60930,ZCTA5 60930,918
8600000US60931,60931,ZCTA5 60931,615
8600000US60932,60932,ZCTA5 60932,78
8600000US60933,60933,ZCTA5 60933,302
8600000US60934,60934,ZCTA5 60934,273
8600000US60935,60935,ZCTA5 60935,1064
8600000US60936,60936,ZCTA5 60936,4321
8600000US60938,60938,ZCTA5 60938,2131
8600000US60940,60940,ZCTA5 60940,3369
8600000US60941,60941,ZCTA5 60941,2039
8600000US60942,60942,ZCTA5 60942,6181
8600000US60945,60945,ZCTA5 60945,153
8600000US60946,60946,ZCTA5 60946,426
8600000US60948,60948,ZCTA5 60948,1533
8600000US60949,60949,ZCTA5 60949,636
8600000US60950,60950,ZCTA5 60950,12168
8600000US60951,60951,ZCTA5 60951,961
8600000US60952,60952,ZCTA5 60952,684
8600000US60953,60953,ZCTA5 60953,2469
8600000US60954,60954,ZCTA5 60954,6104
8600000US60955,60955,ZCTA5 60955,1901
8600000US60957,60957,ZCTA5 60957,5615
8600000US60958,60958,ZCTA5 60958,2135
8600000US60959,60959,ZCTA5 60959,1082
8600000US60960,60960,ZCTA5 60960,1064
8600000US60961,60961,ZCTA5 60961,700
8600000US60962,60962,ZCTA5 60962,524
8600000US60963,60963,ZCTA5 60963,1807
8600000US60964,60964,ZCTA5 60964,4968
8600000US60966,60966,ZCTA5 60966,1526
8600000US60968,60968,ZCTA5 60968,433
8600000US60969,60969,ZCTA5 60969,65
8600000US60970,60970,ZCTA5 60970,7190
8600000US60973,60973,ZCTA5 60973,385
8600000US60974,60974,ZCTA5 60974,283
8600000US61001,61001,ZCTA5 61001,1179
8600000US61006,61006,ZCTA5 61006,1759
8600000US61007,61007,ZCTA5 61007,534
8600000US61008,61008,ZCTA5 61008,34311
8600000US61010,61010,ZCTA5 61010,8032
8600000US61011,61011,ZCTA5 61011,2945
8600000US61012,61012,ZCTA5 61012,2175
8600000US61013,61013,ZCTA5 61013,528
8600000US61014,61014,ZCTA5 61014,1173
8600000US61015,61015,ZCTA5 61015,946
8600000US61016,61016,ZCTA5 61016,4837
8600000US61018,61018,ZCTA5 61018,1080
8600000US61019,61019,ZCTA5 61019,3550
8600000US61020,61020,ZCTA5 61020,3108
8600000US61021,61021,ZCTA5 61021,23745
8600000US61024,61024,ZCTA5 61024,2620
8600000US61025,61025,ZCTA5 61025,4867
8600000US61027,61027,ZCTA5 61027,52
8600000US61028,61028,ZCTA5 61028,1989
8600000US61030,61030,ZCTA5 61030,2205
8600000US61031,61031,ZCTA5 61031,1656
8600000US61032,61032,ZCTA5 61032,31651
8600000US61036,61036,ZCTA5 61036,6821
8600000US61037,61037,ZCTA5 61037,140
8600000US61038,61038,ZCTA5 61038,1354
8600000US61039,61039,ZCTA5 61039,802
8600000US61041,61041,ZCTA5 61041,1327
8600000US61042,61042,ZCTA5 61042,527
8600000US61043,61043,ZCTA5 61043,131
8600000US61044,61044,ZCTA5 61044,232
8600000US61046,61046,ZCTA5 61046,2831
8600000US61047,61047,ZCTA5 61047,1711
8600000US61048,61048,ZCTA5 61048,4360
8600000US61049,61049,ZCTA5 61049,585
8600000US61050,61050,ZCTA5 61050,376
8600000US61051,61051,ZCTA5 61051,1574
8600000US61052,61052,ZCTA5 61052,1148
8600000US61053,61053,ZCTA5 61053,2852
8600000US61054,61054,ZCTA5 61054,3973
8600000US61057,61057,ZCTA5 61057,168
8600000US61059,61059,ZCTA5 61059,141
8600000US61060,61060,ZCTA5 61060,1432
8600000US61061,61061,ZCTA5 61061,7009
8600000US61062,61062,ZCTA5 61062,1983
8600000US61063,61063,ZCTA5 61063,4132
8600000US61064,61064,ZCTA5 61064,3868
8600000US61065,61065,ZCTA5 61065,11156
8600000US61067,61067,ZCTA5 61067,811
8600000US61068,61068,ZCTA5 61068,14858
8600000US61070,61070,ZCTA5 61070,1130
8600000US61071,61071,ZCTA5 61071,14381
8600000US61072,61072,ZCTA5 61072,11797
8600000US61073,61073,ZCTA5 61073,20052
8600000US61074,61074,ZCTA5 61074,4431
8600000US61075,61075,ZCTA5 61075,958
8600000US61077,61077,ZCTA5 61077,73
8600000US61078,61078,ZCTA5 61078,1374
8600000US61079,61079,ZCTA5 61079,188
8600000US61080,61080,ZCTA5 61080,10599
8600000US61081,61081,ZCTA5 61081,21934
8600000US61084,61084,ZCTA5 61084,3175
8600000US61085,61085,ZCTA5 61085,3443
8600000US61087,61087,ZCTA5 61087,1670
8600000US61088,61088,ZCTA5 61088,6020
8600000US61089,61089,ZCTA5 61089,867
8600000US61091,61091,ZCTA5 61091,63
8600000US61101,61101,ZCTA5 61101,21593
8600000US61102,61102,ZCTA5 61102,20538
8600000US61103,61103,ZCTA5 61103,24578
8600000US61104,61104,ZCTA5 61104,19269
8600000US61107,61107,ZCTA5 61107,30439
8600000US61108,61108,ZCTA5 61108,28550
8600000US61109,61109,ZCTA5 61109,28333
8600000US61111,61111,ZCTA5 61111,23492
8600000US61112,61112,ZCTA5 61112,86
8600000US61114,61114,ZCTA5 61114,15776
8600000US61115,61115,ZCTA5 61115,23180
8600000US61201,61201,ZCTA5 61201,39116
8600000US61230,61230,ZCTA5 61230,1232
8600000US61231,61231,ZCTA5 61231,5627
8600000US61232,61232,ZCTA5 61232,1284
8600000US61234,61234,ZCTA5 61234,1258
8600000US61235,61235,ZCTA5 61235,1391
8600000US61236,61236,ZCTA5 61236,193
8600000US61238,61238,ZCTA5 61238,3247
8600000US61239,61239,ZCTA5 61239,1219
8600000US61240,61240,ZCTA5 61240,5870
8600000US61241,61241,ZCTA5 61241,7124
8600000US61242,61242,ZCTA5 61242,1145
8600000US61243,61243,ZCTA5 61243,264
8600000US61244,61244,ZCTA5 61244,24053
8600000US61250,61250,ZCTA5 61250,2737
8600000US61251,61251,ZCTA5 61251,347
8600000US61252,61252,ZCTA5 61252,5436
8600000US61254,61254,ZCTA5 61254,11414
8600000US61256,61256,ZCTA5 61256,1822
8600000US61257,61257,ZCTA5 61257,1210
8600000US61258,61258,ZCTA5 61258,204
8600000US61259,61259,ZCTA5 61259,1276
8600000US61260,61260,ZCTA5 61260,856
8600000US61261,61261,ZCTA5 61261,975
8600000US61262,61262,ZCTA5 61262,1188
8600000US61263,61263,ZCTA5 61263,530
8600000US61264,61264,ZCTA5 61264,10548
8600000US61265,61265,ZCTA5 61265,45099
8600000US61270,61270,ZCTA5 61270,7306
8600000US61272,61272,ZCTA5 61272,1504
8600000US61273,61273,ZCTA5 61273,3316
8600000US61274,61274,ZCTA5 61274,351
8600000US61275,61275,ZCTA5 61275,4347
8600000US61276,61276,ZCTA5 61276,138
8600000US61277,61277,ZCTA5 61277,3355
8600000US61278,61278,ZCTA5 61278,412
8600000US61279,61279,ZCTA5 61279,1061
8600000US61281,61281,ZCTA5 61281,2597
8600000US61282,61282,ZCTA5 61282,7809
8600000US61283,61283,ZCTA5 61283,1640
8600000US61284,61284,ZCTA5 61284,2292
8600000US61285,61285,ZCTA5 61285,1631
8600000US61301,61301,ZCTA5 61301,10588
8600000US61310,61310,ZCTA5 61310,3970
8600000US61311,61311,ZCTA5 61311,232
8600000US61312,61312,ZCTA5 61312,474
8600000US61313,61313,ZCTA5 61313,282
8600000US61314,61314,ZCTA5 61314,807
8600000US61315,61315,ZCTA5 61315,322
8600000US61316,61316,ZCTA5 61316,282
8600000US61317,61317,ZCTA5 61317,513
8600000US61318,61318,ZCTA5 61318,700
8600000US61319,61319,ZCTA5 61319,1293
8600000US61320,61320,ZCTA5 61320,710
8600000US61321,61321,ZCTA5 61321,282
8600000US61322,61322,ZCTA5 61322,1647
8600000US61323,61323,ZCTA5 61323,111
8600000US61324,61324,ZCTA5 61324,109
8600000US61325,61325,ZCTA5 61325,1073
8600000US61326,61326,ZCTA5 61326,2452
8600000US61327,61327,ZCTA5 61327,1235
8600000US61328,61328,ZCTA5 61328,42
8600000US61329,61329,ZCTA5 61329,1303
8600000US61330,61330,ZCTA5 61330,1483
8600000US61331,61331,ZCTA5 61331,55
8600000US61332,61332,ZCTA5 61332,134
8600000US61333,61333,ZCTA5 61333,381
8600000US61334,61334,ZCTA5 61334,741
8600000US61335,61335,ZCTA5 61335,532
8600000US61336,61336,ZCTA5 61336,628
8600000US61337,61337,ZCTA5 61337,478
8600000US61338,61338,ZCTA5 61338,284
8600000US61340,61340,ZCTA5 61340,292
8600000US61341,61341,ZCTA5 61341,8234
8600000US61342,61342,ZCTA5 61342,9216
8600000US61344,61344,ZCTA5 61344,374
8600000US61345,61345,ZCTA5 61345,846
8600000US61346,61346,ZCTA5 61346,75
8600000US61348,61348,ZCTA5 61348,4696
8600000US61349,61349,ZCTA5 61349,977
8600000US61350,61350,ZCTA5 61350,24246
8600000US61353,61353,ZCTA5 61353,1333
8600000US61354,61354,ZCTA5 61354,10870
8600000US61356,61356,ZCTA5 61356,11281
8600000US61358,61358,ZCTA5 61358,478
8600000US61359,61359,ZCTA5 61359,312
8600000US61360,61360,ZCTA5 61360,3393
8600000US61361,61361,ZCTA5 61361,1409
8600000US61362,61362,ZCTA5 61362,5911
8600000US61363,61363,ZCTA5 61363,220
8600000US61364,61364,ZCTA5 61364,20133
8600000US61367,61367,ZCTA5 61367,864
8600000US61368,61368,ZCTA5 61368,1489
8600000US61369,61369,ZCTA5 61369,1711
8600000US61370,61370,ZCTA5 61370,1460
8600000US61372,61372,ZCTA5 61372,145
8600000US61373,61373,ZCTA5 61373,2031
8600000US61374,61374,ZCTA5 61374,119
8600000US61375,61375,ZCTA5 61375,1156
8600000US61376,61376,ZCTA5 61376,2280
8600000US61377,61377,ZCTA5 61377,1457
8600000US61378,61378,ZCTA5 61378,512
8600000US61379,61379,ZCTA5 61379,1359
8600000US61401,61401,ZCTA5 61401,34788
8600000US61410,61410,ZCTA5 61410,3912
8600000US61411,61411,ZCTA5 61411,378
8600000US61412,61412,ZCTA5 61412,1321
8600000US61413,61413,ZCTA5 61413,1075
8600000US61414,61414,ZCTA5 61414,854
8600000US61415,61415,ZCTA5 61415,1747
8600000US61416,61416,ZCTA5 61416,235
8600000US61417,61417,ZCTA5 61417,259
8600000US61418,61418,ZCTA5 61418,673
8600000US61419,61419,ZCTA5 61419,128
8600000US61420,61420,ZCTA5 61420,1067
8600000US61421,61421,ZCTA5 61421,1392
8600000US61422,61422,ZCTA5 61422,3416
8600000US61423,61423,ZCTA5 61423,682
8600000US61424,61424,ZCTA5 61424,100
8600000US61425,61425,ZCTA5 61425,483
8600000US61426,61426,ZCTA5 61426,107
8600000US61427,61427,ZCTA5 61427,2329
8600000US61428,61428,ZCTA5 61428,986
8600000US61430,61430,ZCTA5 61430,828
8600000US61431,61431,ZCTA5 61431,371
8600000US61432,61432,ZCTA5 61432,676
8600000US61433,61433,ZCTA5 61433,74
8600000US61434,61434,ZCTA5 61434,3312
8600000US61435,61435,ZCTA5 61435,116
8600000US61436,61436,ZCTA5 61436,951
8600000US61437,61437,ZCTA5 61437,818
8600000US61438,61438,ZCTA5 61438,760
8600000US61439,61439,ZCTA5 61439,269
8600000US61440,61440,ZCTA5 61440,766
8600000US61441,61441,ZCTA5 61441,897
8600000US61442,61442,ZCTA5 61442,762
8600000US61443,61443,ZCTA5 61443,14214
8600000US61447,61447,ZCTA5 61447,924
8600000US61448,61448,ZCTA5 61448,3823
8600000US61449,61449,ZCTA5 61449,512
8600000US61450,61450,ZCTA5 61450,1742
8600000US61451,61451,ZCTA5 61451,393
8600000US61452,61452,ZCTA5 61452,293
8600000US61453,61453,ZCTA5 61453,781
8600000US61454,61454,ZCTA5 61454,725
8600000US61455,61455,ZCTA5 61455,22086
8600000US61458,61458,ZCTA5 61458,822
8600000US61459,61459,ZCTA5 61459,433
8600000US61460,61460,ZCTA5 61460,291
8600000US61462,61462,ZCTA5 61462,11643
8600000US61465,61465,ZCTA5 61465,1213
8600000US61466,61466,ZCTA5 61466,342
8600000US61467,61467,ZCTA5 61467,1048
8600000US61468,61468,ZCTA5 61468,104
8600000US61469,61469,ZCTA5 61469,2184
8600000US61470,61470,ZCTA5 61470,547
8600000US61471,61471,ZCTA5 61471,140
8600000US61472,61472,ZCTA5 61472,648
8600000US61473,61473,ZCTA5 61473,1667
8600000US61474,61474,ZCTA5 61474,292
8600000US61475,61475,ZCTA5 61475,205
8600000US61476,61476,ZCTA5 61476,407
8600000US61477,61477,ZCTA5 61477,631
8600000US61478,61478,ZCTA5 61478,290
8600000US61479,61479,ZCTA5 61479,165
8600000US61480,61480,ZCTA5 61480,1324
8600000US61482,61482,ZCTA5 61482,650
8600000US61483,61483,ZCTA5 61483,1961
8600000US61484,61484,ZCTA5 61484,825
8600000US61485,61485,ZCTA5 61485,560
8600000US61486,61486,ZCTA5 61486,1552
8600000US61488,61488,ZCTA5 61488,1120
8600000US61489,61489,ZCTA5 61489,900
8600000US61490,61490,ZCTA5 61490,1091
8600000US61491,61491,ZCTA5 61491,2197
8600000US61501,61501,ZCTA5 61501,1921
8600000US61516,61516,ZCTA5 61516,720
8600000US61517,61517,ZCTA5 61517,3259
8600000US61519,61519,ZCTA5 61519,233
8600000US61520,61520,ZCTA5 61520,17839
8600000US61523,61523,ZCTA5 61523,11204
8600000US61524,61524,ZCTA5 61524,262
8600000US61525,61525,ZCTA5 61525,9021
8600000US61526,61526,ZCTA5 61526,1088
8600000US61528,61528,ZCTA5 61528,2668
8600000US61529,61529,ZCTA5 61529,2880
8600000US61530,61530,ZCTA5 61530,6713
8600000US61531,61531,ZCTA5 61531,3379
8600000US61532,61532,ZCTA5 61532,534
8600000US61533,61533,ZCTA5 61533,2427
8600000US61534,61534,ZCTA5 61534,1737
8600000US61535,61535,ZCTA5 61535,1629
8600000US61536,61536,ZCTA5 61536,2919
8600000US61537,61537,ZCTA5 61537,2974
8600000US61539,61539,ZCTA5 61539,205
8600000US61540,61540,ZCTA5 61540,2916
8600000US61541,61541,ZCTA5 61541,136
8600000US61542,61542,ZCTA5 61542,3794
8600000US61543,61543,ZCTA5 61543,151
8600000US61544,61544,ZCTA5 61544,713
8600000US61545,61545,ZCTA5 61545,646
8600000US61546,61546,ZCTA5 61546,4276
8600000US61547,61547,ZCTA5 61547,3779
8600000US61548,61548,ZCTA5 61548,12085
8600000US61550,61550,ZCTA5 61550,17721
8600000US61552,61552,ZCTA5 61552,239
8600000US61553,61553,ZCTA5 61553,213
8600000US61554,61554,ZCTA5 61554,43810
8600000US61559,61559,ZCTA5 61559,3332
8600000US61560,61560,ZCTA5 61560,754
8600000US61561,61561,ZCTA5 61561,2788
8600000US61562,61562,ZCTA5 61562,46
8600000US61563,61563,ZCTA5 61563,526
8600000US61564,61564,ZCTA5 61564,1077
8600000US61565,61565,ZCTA5 61565,1504
8600000US61567,61567,ZCTA5 61567,624
8600000US61568,61568,ZCTA5 61568,4459
8600000US61569,61569,ZCTA5 61569,1220
8600000US61570,61570,ZCTA5 61570,1879
8600000US61571,61571,ZCTA5 61571,23744
8600000US61572,61572,ZCTA5 61572,1068
8600000US61602,61602,ZCTA5 61602,1055
8600000US61603,61603,ZCTA5 61603,17600
8600000US61604,61604,ZCTA5 61604,31647
8600000US61605,61605,ZCTA5 61605,16303
8600000US61606,61606,ZCTA5 61606,8051
8600000US61607,61607,ZCTA5 61607,10941
8600000US61610,61610,ZCTA5 61610,5476
8600000US61611,61611,ZCTA5 61611,25268
8600000US61614,61614,ZCTA5 61614,27628
8600000US61615,61615,ZCTA5 61615,22432
8600000US61616,61616,ZCTA5 61616,6116
8600000US61625,61625,ZCTA5 61625,385
8600000US61701,61701,ZCTA5 61701,36105
8600000US61704,61704,ZCTA5 61704,35981
8600000US61705,61705,ZCTA5 61705,12263
8600000US61720,61720,ZCTA5 61720,236
8600000US61721,61721,ZCTA5 61721,613
8600000US61722,61722,ZCTA5 61722,549
8600000US61723,61723,ZCTA5 61723,2321
8600000US61724,61724,ZCTA5 61724,536
8600000US61725,61725,ZCTA5 61725,1547
8600000US61726,61726,ZCTA5 61726,2544
8600000US61727,61727,ZCTA5 61727,10015
8600000US61728,61728,ZCTA5 61728,1410
8600000US61729,61729,ZCTA5 61729,1073
8600000US61730,61730,ZCTA5 61730,379
8600000US61731,61731,ZCTA5 61731,280
8600000US61732,61732,ZCTA5 61732,2096
8600000US61733,61733,ZCTA5 61733,1124
8600000US61734,61734,ZCTA5 61734,2867
8600000US61735,61735,ZCTA5 61735,420
8600000US61736,61736,ZCTA5 61736,1808
8600000US61737,61737,ZCTA5 61737,516
8600000US61738,61738,ZCTA5 61738,4212
8600000US61739,61739,ZCTA5 61739,4897
8600000US61740,61740,ZCTA5 61740,1634
8600000US61741,61741,ZCTA5 61741,1746
8600000US61742,61742,ZCTA5 61742,1144
8600000US61743,61743,ZCTA5 61743,212
8600000US61744,61744,ZCTA5 61744,2031
8600000US61745,61745,ZCTA5 61745,4408
8600000US61747,61747,ZCTA5 61747,1560
8600000US61748,61748,ZCTA5 61748,2782
8600000US61749,61749,ZCTA5 61749,556
8600000US61750,61750,ZCTA5 61750,133
8600000US61751,61751,ZCTA5 61751,124
8600000US61752,61752,ZCTA5 61752,4339
8600000US61753,61753,ZCTA5 61753,3012
8600000US61754,61754,ZCTA5 61754,1261
8600000US61755,61755,ZCTA5 61755,4669
8600000US61756,61756,ZCTA5 61756,2337
8600000US61759,61759,ZCTA5 61759,1534
8600000US61760,61760,ZCTA5 61760,2544
8600000US61761,61761,ZCTA5 61761,52879
8600000US61764,61764,ZCTA5 61764,14460
8600000US61769,61769,ZCTA5 61769,619
8600000US61770,61770,ZCTA5 61770,1108
8600000US61771,61771,ZCTA5 61771,860
8600000US61772,61772,ZCTA5 61772,351
8600000US61773,61773,ZCTA5 61773,477
8600000US61774,61774,ZCTA5 61774,962
8600000US61775,61775,ZCTA5 61775,307
8600000US61776,61776,ZCTA5 61776,1409
8600000US61777,61777,ZCTA5 61777,952
8600000US61778,61778,ZCTA5 61778,683
8600000US61801,61801,ZCTA5 61801,30937
8600000US61802,61802,ZCTA5 61802,19052
8600000US61810,61810,ZCTA5 61810,361
8600000US61811,61811,ZCTA5 61811,703
8600000US61812,61812,ZCTA5 61812,375
8600000US61813,61813,ZCTA5 61813,1971
8600000US61814,61814,ZCTA5 61814,1157
8600000US61815,61815,ZCTA5 61815,228
8600000US61816,61816,ZCTA5 61816,509
8600000US61817,61817,ZCTA5 61817,2583
8600000US61818,61818,ZCTA5 61818,1665
8600000US61820,61820,ZCTA5 61820,36964
8600000US61821,61821,ZCTA5 61821,30174
8600000US61822,61822,ZCTA5 61822,21608
8600000US61830,61830,ZCTA5 61830,478
8600000US61831,61831,ZCTA5 61831,157
8600000US61832,61832,ZCTA5 61832,37290
8600000US61833,61833,ZCTA5 61833,2124
8600000US61834,61834,ZCTA5 61834,8454
8600000US61839,61839,ZCTA5 61839,586
8600000US61840,61840,ZCTA5 61840,709
8600000US61841,61841,ZCTA5 61841,1386
8600000US61842,61842,ZCTA5 61842,2984
8600000US61843,61843,ZCTA5 61843,2363
8600000US61844,61844,ZCTA5 61844,970
8600000US61845,61845,ZCTA5 61845,364
8600000US61846,61846,ZCTA5 61846,5101
8600000US61847,61847,ZCTA5 61847,1256
8600000US61848,61848,ZCTA5 61848,227
8600000US61849,61849,ZCTA5 61849,1842
8600000US61850,61850,ZCTA5 61850,671
8600000US61851,61851,ZCTA5 61851,436
8600000US61852,61852,ZCTA5 61852,261
8600000US61853,61853,ZCTA5 61853,13206
8600000US61854,61854,ZCTA5 61854,1438
8600000US61855,61855,ZCTA5 61855,96
8600000US61856,61856,ZCTA5 61856,7433
8600000US61857,61857,ZCTA5 61857,153
8600000US61858,61858,ZCTA5 61858,3124
8600000US61859,61859,ZCTA5 61859,1297
8600000US61862,61862,ZCTA5 61862,510
8600000US61863,61863,ZCTA5 61863,814
8600000US61864,61864,ZCTA5 61864,1715
8600000US61865,61865,ZCTA5 61865,1391
8600000US61866,61866,ZCTA5 61866,14048
8600000US61870,61870,ZCTA5 61870,1327
8600000US61871,61871,ZCTA5 61871,284
8600000US61872,61872,ZCTA5 61872,760
8600000US61873,61873,ZCTA5 61873,6250
8600000US61874,61874,ZCTA5 61874,7114
8600000US61875,61875,ZCTA5 61875,761
8600000US61876,61876,ZCTA5 61876,800
8600000US61877,61877,ZCTA5 61877,1627
8600000US61878,61878,ZCTA5 61878,1433
8600000US61880,61880,ZCTA5 61880,4183
8600000US61882,61882,ZCTA5 61882,713
8600000US61883,61883,ZCTA5 61883,4438
8600000US61884,61884,ZCTA5 61884,1244
8600000US61910,61910,ZCTA5 61910,4463
8600000US61911,61911,ZCTA5 61911,4860
8600000US61912,61912,ZCTA5 61912,1344
8600000US61913,61913,ZCTA5 61913,1684
8600000US61914,61914,ZCTA5 61914,1920
8600000US61917,61917,ZCTA5 61917,591
8600000US61919,61919,ZCTA5 61919,813
8600000US61920,61920,ZCTA5 61920,25594
8600000US61924,61924,ZCTA5 61924,2449
8600000US61925,61925,ZCTA5 61925,912
8600000US61928,61928,ZCTA5 61928,757
8600000US61929,61929,ZCTA5 61929,769
8600000US61930,61930,ZCTA5 61930,515
8600000US61931,61931,ZCTA5 61931,1255
8600000US61932,61932,ZCTA5 61932,456
8600000US61933,61933,ZCTA5 61933,1141
8600000US61936,61936,ZCTA5 61936,243
8600000US61937,61937,ZCTA5 61937,2022
8600000US61938,61938,ZCTA5 61938,22409
8600000US61940,61940,ZCTA5 61940,258
8600000US61941,61941,ZCTA5 61941,57
8600000US61942,61942,ZCTA5 61942,1202
8600000US61943,61943,ZCTA5 61943,1637
8600000US61944,61944,ZCTA5 61944,12908
8600000US61949,61949,ZCTA5 61949,179
8600000US61951,61951,ZCTA5 61951,8017
8600000US61953,61953,ZCTA5 61953,6216
8600000US61955,61955,ZCTA5 61955,157
8600000US61956,61956,ZCTA5 61956,2909
8600000US61957,61957,ZCTA5 61957,1869
8600000US62001,62001,ZCTA5 62001,1752
8600000US62002,62002,ZCTA5 62002,32704
8600000US62006,62006,ZCTA5 62006,648
8600000US62009,62009,ZCTA5 62009,1810
8600000US62010,62010,ZCTA5 62010,11186
8600000US62011,62011,ZCTA5 62011,284
8600000US62012,62012,ZCTA5 62012,6654
8600000US62013,62013,ZCTA5 62013,552
8600000US62014,62014,ZCTA5 62014,4122
8600000US62015,62015,ZCTA5 62015,487
8600000US62016,62016,ZCTA5 62016,3816
8600000US62017,62017,ZCTA5 62017,1185
8600000US62018,62018,ZCTA5 62018,3604
8600000US62019,62019,ZCTA5 62019,490
8600000US62021,62021,ZCTA5 62021,936
8600000US62022,62022,ZCTA5 62022,1138
8600000US62023,62023,ZCTA5 62023,91
8600000US62024,62024,ZCTA5 62024,9775
8600000US62025,62025,ZCTA5 62025,33748
8600000US62027,62027,ZCTA5 62027,536
8600000US62028,62028,ZCTA5 62028,1276
8600000US62030,62030,ZCTA5 62030,114
8600000US62031,62031,ZCTA5 62031,970
8600000US62032,62032,ZCTA5 62032,749
8600000US62033,62033,ZCTA5 62033,4894
8600000US62034,62034,ZCTA5 62034,13819
8600000US62035,62035,ZCTA5 62035,16494
8600000US62036,62036,ZCTA5 62036,704
8600000US62037,62037,ZCTA5 62037,1993
8600000US62040,62040,ZCTA5 62040,43735
8600000US62044,62044,ZCTA5 62044,2009
8600000US62045,62045,ZCTA5 62045,647
8600000US62046,62046,ZCTA5 62046,713
8600000US62047,62047,ZCTA5 62047,1555
8600000US62048,62048,ZCTA5 62048,1459
8600000US62049,62049,ZCTA5 62049,8470
8600000US62050,62050,ZCTA5 62050,473
8600000US62051,62051,ZCTA5 62051,950
8600000US62052,62052,ZCTA5 62052,13002
8600000US62053,62053,ZCTA5 62053,650
8600000US62054,62054,ZCTA5 62054,872
8600000US62056,62056,ZCTA5 62056,8930
8600000US62058,62058,ZCTA5 62058,843
8600000US62059,62059,ZCTA5 62059,746
8600000US62060,62060,ZCTA5 62060,4847
8600000US62061,62061,ZCTA5 62061,1718
8600000US62062,62062,ZCTA5 62062,7658
8600000US62063,62063,ZCTA5 62063,1214
8600000US62065,62065,ZCTA5 62065,97
8600000US62067,62067,ZCTA5 62067,2401
8600000US62069,62069,ZCTA5 62069,3313
8600000US62070,62070,ZCTA5 62070,37
8600000US62074,62074,ZCTA5 62074,1087
8600000US62075,62075,ZCTA5 62075,3458
8600000US62076,62076,ZCTA5 62076,135
8600000US62077,62077,ZCTA5 62077,347
8600000US62078,62078,ZCTA5 62078,119
8600000US62079,62079,ZCTA5 62079,256
8600000US62080,62080,ZCTA5 62080,2508
8600000US62081,62081,ZCTA5 62081,298
8600000US62082,62082,ZCTA5 62082,3109
8600000US62083,62083,ZCTA5 62083,295
8600000US62084,62084,ZCTA5 62084,1606
8600000US62085,62085,ZCTA5 62085,209
8600000US62086,62086,ZCTA5 62086,1437
8600000US62087,62087,ZCTA5 62087,2087
8600000US62088,62088,ZCTA5 62088,6960
8600000US62089,62089,ZCTA5 62089,489
8600000US62090,62090,ZCTA5 62090,1189
8600000US62091,62091,ZCTA5 62091,337
8600000US62092,62092,ZCTA5 62092,2979
8600000US62093,62093,ZCTA5 62093,435
8600000US62094,62094,ZCTA5 62094,1152
8600000US62095,62095,ZCTA5 62095,11237
8600000US62097,62097,ZCTA5 62097,2828
8600000US62098,62098,ZCTA5 62098,91
8600000US62201,62201,ZCTA5 62201,7547
8600000US62203,62203,ZCTA5 62203,8209
8600000US62204,62204,ZCTA5 62204,7960
8600000US62205,62205,ZCTA5 62205,9329
8600000US62206,62206,ZCTA5 62206,16509
8600000US62207,62207,ZCTA5 62207,8750
8600000US62208,62208,ZCTA5 62208,17376
8600000US62214,62214,ZCTA5 62214,1229
8600000US62215,62215,ZCTA5 62215,1872
8600000US62216,62216,ZCTA5 62216,2526
8600000US62217,62217,ZCTA5 62217,807
8600000US62218,62218,ZCTA5 62218,1481
8600000US62219,62219,ZCTA5 62219,1009
8600000US62220,62220,ZCTA5 62220,20504
8600000US62221,62221,ZCTA5 62221,27858
8600000US62223,62223,ZCTA5 62223,17560
8600000US62225,62225,ZCTA5 62225,5381
8600000US62226,62226,ZCTA5 62226,29744
8600000US62230,62230,ZCTA5 62230,6194
8600000US62231,62231,ZCTA5 62231,7589
8600000US62232,62232,ZCTA5 62232,7260
8600000US62233,62233,ZCTA5 62233,10037
8600000US62234,62234,ZCTA5 62234,33430
8600000US62236,62236,ZCTA5 62236,12562
8600000US62237,62237,ZCTA5 62237,2659
8600000US62238,62238,ZCTA5 62238,696
8600000US62239,62239,ZCTA5 62239,4954
8600000US62240,62240,ZCTA5 62240,1966
8600000US62241,62241,ZCTA5 62241,1061
8600000US62242,62242,ZCTA5 62242,1526
8600000US62243,62243,ZCTA5 62243,5910
8600000US62244,62244,ZCTA5 62244,1156
8600000US62245,62245,ZCTA5 62245,1794
8600000US62246,62246,ZCTA5 62246,10355
8600000US62248,62248,ZCTA5 62248,320
8600000US62249,62249,ZCTA5 62249,15971
8600000US62250,62250,ZCTA5 62250,504
8600000US62253,62253,ZCTA5 62253,696
8600000US62254,62254,ZCTA5 62254,6089
8600000US62255,62255,ZCTA5 62255,1001
8600000US62257,62257,ZCTA5 62257,3214
8600000US62258,62258,ZCTA5 62258,9199
8600000US62260,62260,ZCTA5 62260,7290
8600000US62261,62261,ZCTA5 62261,152
8600000US62262,62262,ZCTA5 62262,1810
8600000US62263,62263,ZCTA5 62263,5387
8600000US62264,62264,ZCTA5 62264,3338
8600000US62265,62265,ZCTA5 62265,4353
8600000US62266,62266,ZCTA5 62266,254
8600000US62268,62268,ZCTA5 62268,738
8600000US62269,62269,ZCTA5 62269,31348
8600000US62271,62271,ZCTA5 62271,2077
8600000US62272,62272,ZCTA5 62272,1674
8600000US62273,62273,ZCTA5 62273,426
8600000US62274,62274,ZCTA5 62274,8410
8600000US62275,62275,ZCTA5 62275,3621
8600000US62277,62277,ZCTA5 62277,1314
8600000US62278,62278,ZCTA5 62278,6690
8600000US62279,62279,ZCTA5 62279,69
8600000US62280,62280,ZCTA5 62280,444
8600000US62281,62281,ZCTA5 62281,2155
8600000US62282,62282,ZCTA5 62282,471
8600000US62284,62284,ZCTA5 62284,636
8600000US62285,62285,ZCTA5 62285,4484
8600000US62286,62286,ZCTA5 62286,6008
8600000US62288,62288,ZCTA5 62288,2918
8600000US62289,62289,ZCTA5 62289,350
8600000US62292,62292,ZCTA5 62292,947
8600000US62293,62293,ZCTA5 62293,4748
8600000US62294,62294,ZCTA5 62294,14367
8600000US62295,62295,ZCTA5 62295,1599
8600000US62297,62297,ZCTA5 62297,452
8600000US62298,62298,ZCTA5 62298,16609
8600000US62301,62301,ZCTA5 62301,33758
8600000US62305,62305,ZCTA5 62305,18052
8600000US62311,62311,ZCTA5 62311,860
8600000US62312,62312,ZCTA5 62312,2162
8600000US62313,62313,ZCTA5 62313,389
8600000US62314,62314,ZCTA5 62314,611
8600000US62316,62316,ZCTA5 62316,660
8600000US62319,62319,ZCTA5 62319,264
8600000US62320,62320,ZCTA5 62320,2185
8600000US62321,62321,ZCTA5 62321,4091
8600000US62323,62323,ZCTA5 62323,290
8600000US62324,62324,ZCTA5 62324,1361
8600000US62325,62325,ZCTA5 62325,403
8600000US62326,62326,ZCTA5 62326,2478
8600000US62330,62330,ZCTA5 62330,1769
8600000US62334,62334,ZCTA5 62334,172
8600000US62336,62336,ZCTA5 62336,47
8600000US62338,62338,ZCTA5 62338,1473
8600000US62339,62339,ZCTA5 62339,874
8600000US62340,62340,ZCTA5 62340,1715
8600000US62341,62341,ZCTA5 62341,3610
8600000US62343,62343,ZCTA5 62343,712
8600000US62344,62344,ZCTA5 62344,138
8600000US62345,62345,ZCTA5 62345,357
8600000US62346,62346,ZCTA5 62346,178
8600000US62347,62347,ZCTA5 62347,2282
8600000US62348,62348,ZCTA5 62348,170
8600000US62349,62349,ZCTA5 62349,636
8600000US62351,62351,ZCTA5 62351,1856
8600000US62352,62352,ZCTA5 62352,271
8600000US62353,62353,ZCTA5 62353,5637
8600000US62354,62354,ZCTA5 62354,1684
8600000US62355,62355,ZCTA5 62355,820
8600000US62356,62356,ZCTA5 62356,571
8600000US62357,62357,ZCTA5 62357,245
8600000US62358,62358,ZCTA5 62358,752
8600000US62359,62359,ZCTA5 62359,166
8600000US62360,62360,ZCTA5 62360,1656
8600000US62361,62361,ZCTA5 62361,539
8600000US62362,62362,ZCTA5 62362,399
8600000US62363,62363,ZCTA5 62363,6353
8600000US62365,62365,ZCTA5 62365,647
8600000US62366,62366,ZCTA5 62366,1408
8600000US62367,62367,ZCTA5 62367,1345
8600000US62370,62370,ZCTA5 62370,520
8600000US62373,62373,ZCTA5 62373,300
8600000US62374,62374,ZCTA5 62374,298
8600000US62375,62375,ZCTA5 62375,369
8600000US62376,62376,ZCTA5 62376,1198
8600000US62378,62378,ZCTA5 62378,896
8600000US62379,62379,ZCTA5 62379,2049
8600000US62380,62380,ZCTA5 62380,401
8600000US62401,62401,ZCTA5 62401,19096
8600000US62410,62410,ZCTA5 62410,985
8600000US62411,62411,ZCTA5 62411,4430
8600000US62413,62413,ZCTA5 62413,421
8600000US62414,62414,ZCTA5 62414,1886
8600000US62417,62417,ZCTA5 62417,3064
8600000US62418,62418,ZCTA5 62418,2133
8600000US62419,62419,ZCTA5 62419,410
8600000US62420,62420,ZCTA5 62420,4759
8600000US62421,62421,ZCTA5 62421,778
8600000US62422,62422,ZCTA5 62422,1156
8600000US62423,62423,ZCTA5 62423,724
8600000US62424,62424,ZCTA5 62424,2092
8600000US62425,62425,ZCTA5 62425,649
8600000US62426,62426,ZCTA5 62426,1085
8600000US62427,62427,ZCTA5 62427,1702
8600000US62428,62428,ZCTA5 62428,3104
8600000US62431,62431,ZCTA5 62431,1232
8600000US62432,62432,ZCTA5 62432,571
8600000US62433,62433,ZCTA5 62433,998
8600000US62434,62434,ZCTA5 62434,330
8600000US62436,62436,ZCTA5 62436,562
8600000US62438,62438,ZCTA5 62438,433
8600000US62439,62439,ZCTA5 62439,7536
8600000US62440,62440,ZCTA5 62440,1316
8600000US62441,62441,ZCTA5 62441,7395
8600000US62442,62442,ZCTA5 62442,2421
8600000US62443,62443,ZCTA5 62443,1623
8600000US62444,62444,ZCTA5 62444,387
8600000US62445,62445,ZCTA5 62445,907
8600000US62446,62446,ZCTA5 62446,414
8600000US62447,62447,ZCTA5 62447,3404
8600000US62448,62448,ZCTA5 62448,5834
8600000US62449,62449,ZCTA5 62449,3175
8600000US62450,62450,ZCTA5 62450,12218
8600000US62451,62451,ZCTA5 62451,2156
8600000US62452,62452,ZCTA5 62452,400
8600000US62454,62454,ZCTA5 62454,11467
8600000US62458,62458,ZCTA5 62458,2228
8600000US62459,62459,ZCTA5 62459,243
8600000US62460,62460,ZCTA5 62460,1231
8600000US62461,62461,ZCTA5 62461,854
8600000US62462,62462,ZCTA5 62462,1149
8600000US62463,62463,ZCTA5 62463,1294
8600000US62465,62465,ZCTA5 62465,858
8600000US62466,62466,ZCTA5 62466,4848
8600000US62467,62467,ZCTA5 62467,3741
8600000US62468,62468,ZCTA5 62468,2564
8600000US62469,62469,ZCTA5 62469,419
8600000US62471,62471,ZCTA5 62471,10233
8600000US62473,62473,ZCTA5 62473,1422
8600000US62474,62474,ZCTA5 62474,848
8600000US62475,62475,ZCTA5 62475,387
8600000US62476,62476,ZCTA5 62476,1734
8600000US62477,62477,ZCTA5 62477,946
8600000US62478,62478,ZCTA5 62478,398
8600000US62479,62479,ZCTA5 62479,820
8600000US62480,62480,ZCTA5 62480,787
8600000US62481,62481,ZCTA5 62481,386
8600000US62501,62501,ZCTA5 62501,2661
8600000US62510,62510,ZCTA5 62510,1669
8600000US62512,62512,ZCTA5 62512,500
8600000US62513,62513,ZCTA5 62513,1766
8600000US62514,62514,ZCTA5 62514,252
8600000US62515,62515,ZCTA5 62515,961
8600000US62517,62517,ZCTA5 62517,226
8600000US62518,62518,ZCTA5 62518,457
8600000US62519,62519,ZCTA5 62519,94
8600000US62520,62520,ZCTA5 62520,1529
8600000US62521,62521,ZCTA5 62521,35851
8600000US62522,62522,ZCTA5 62522,16630
8600000US62523,62523,ZCTA5 62523,1237
8600000US62526,62526,ZCTA5 62526,34075
8600000US62530,62530,ZCTA5 62530,1532
8600000US62531,62531,ZCTA5 62531,1792
8600000US62532,62532,ZCTA5 62532,105
8600000US62533,62533,ZCTA5 62533,973
8600000US62534,62534,ZCTA5 62534,1130
8600000US62535,62535,ZCTA5 62535,3534
8600000US62536,62536,ZCTA5 62536,912
8600000US62537,62537,ZCTA5 62537,92
8600000US62538,62538,ZCTA5 62538,378
8600000US62539,62539,ZCTA5 62539,1358
8600000US62540,62540,ZCTA5 62540,1492
8600000US62541,62541,ZCTA5 62541,57
8600000US62543,62543,ZCTA5 62543,540
8600000US62544,62544,ZCTA5 62544,1776
8600000US62545,62545,ZCTA5 62545,1246
8600000US62546,62546,ZCTA5 62546,1630
8600000US62547,62547,ZCTA5 62547,804
8600000US62548,62548,ZCTA5 62548,2258
8600000US62549,62549,ZCTA5 62549,6269
8600000US62550,62550,ZCTA5 62550,2869
8600000US62551,62551,ZCTA5 62551,837
8600000US62553,62553,ZCTA5 62553,437
8600000US62554,62554,ZCTA5 62554,1563
8600000US62555,62555,ZCTA5 62555,540
8600000US62556,62556,ZCTA5 62556,422
8600000US62557,62557,ZCTA5 62557,7607
8600000US62558,62558,ZCTA5 62558,3590
8600000US62560,62560,ZCTA5 62560,1508
8600000US62561,62561,ZCTA5 62561,5315
8600000US62563,62563,ZCTA5 62563,5686
8600000US62565,62565,ZCTA5 62565,7538
8600000US62567,62567,ZCTA5 62567,1154
8600000US62568,62568,ZCTA5 62568,16355
8600000US62570,62570,ZCTA5 62570,512
8600000US62571,62571,ZCTA5 62571,1532
8600000US62572,62572,ZCTA5 62572,666
8600000US62573,62573,ZCTA5 62573,1513
8600000US62601,62601,ZCTA5 62601,434
8600000US62610,62610,ZCTA5 62610,199
8600000US62611,62611,ZCTA5 62611,1067
8600000US62612,62612,ZCTA5 62612,1915
8600000US62613,62613,ZCTA5 62613,3872
8600000US62615,62615,ZCTA5 62615,5748
8600000US62617,62617,ZCTA5 62617,762
8600000US62618,62618,ZCTA5 62618,7955
8600000US62621,62621,ZCTA5 62621,1171
8600000US62622,62622,ZCTA5 62622,49
8600000US62624,62624,ZCTA5 62624,546
8600000US62625,62625,ZCTA5 62625,855
8600000US62626,62626,ZCTA5 62626,8354
8600000US62627,62627,ZCTA5 62627,992
8600000US62628,62628,ZCTA5 62628,896
8600000US62629,62629,ZCTA5 62629,12949
8600000US62630,62630,ZCTA5 62630,532
8600000US62631,62631,ZCTA5 62631,262
8600000US62633,62633,ZCTA5 62633,647
8600000US62634,62634,ZCTA5 62634,821
8600000US62635,62635,ZCTA5 62635,738
8600000US62638,62638,ZCTA5 62638,1337
8600000US62639,62639,ZCTA5 62639,316
8600000US62640,62640,ZCTA5 62640,3756
8600000US62642,62642,ZCTA5 62642,1440
8600000US62643,62643,ZCTA5 62643,526
8600000US62644,62644,ZCTA5 62644,5385
8600000US62649,62649,ZCTA5 62649,488
8600000US62650,62650,ZCTA5 62650,26992
8600000US62655,62655,ZCTA5 62655,568
8600000US62656,62656,ZCTA5 62656,20405
8600000US62661,62661,ZCTA5 62661,1213
8600000US62663,62663,ZCTA5 62663,292
8600000US62664,62664,ZCTA5 62664,3042
8600000US62665,62665,ZCTA5 62665,1629
8600000US62666,62666,ZCTA5 62666,616
8600000US62667,62667,ZCTA5 62667,464
8600000US62668,62668,ZCTA5 62668,1512
8600000US62670,62670,ZCTA5 62670,2997
8600000US62671,62671,ZCTA5 62671,572
8600000US62672,62672,ZCTA5 62672,244
8600000US62673,62673,ZCTA5 62673,530
8600000US62674,62674,ZCTA5 62674,1454
8600000US62675,62675,ZCTA5 62675,6154
8600000US62677,62677,ZCTA5 62677,2562
8600000US62681,62681,ZCTA5 62681,5602
8600000US62682,62682,ZCTA5 62682,907
8600000US62684,62684,ZCTA5 62684,5111
8600000US62685,62685,ZCTA5 62685,2097
8600000US62688,62688,ZCTA5 62688,761
8600000US62689,62689,ZCTA5 62689,518
8600000US62690,62690,ZCTA5 62690,4120
8600000US62691,62691,ZCTA5 62691,2426
8600000US62692,62692,ZCTA5 62692,2093
8600000US62693,62693,ZCTA5 62693,1638
8600000US62694,62694,ZCTA5 62694,3192
8600000US62695,62695,ZCTA5 62695,296
8600000US62701,62701,ZCTA5 62701,1152
8600000US62702,62702,ZCTA5 62702,37281
8600000US62703,62703,ZCTA5 62703,30333
8600000US62704,62704,ZCTA5 62704,39831
8600000US62707,62707,ZCTA5 62707,7648
8600000US62711,62711,ZCTA5 62711,15347
8600000US62712,62712,ZCTA5 62712,10302
8600000US62801,62801,ZCTA5 62801,22415
8600000US62803,62803,ZCTA5 62803,1014
8600000US62806,62806,ZCTA5 62806,3412
8600000US62807,62807,ZCTA5 62807,961
8600000US62808,62808,ZCTA5 62808,1457
8600000US62809,62809,ZCTA5 62809,142
8600000US62810,62810,ZCTA5 62810,1089
8600000US62811,62811,ZCTA5 62811,310
8600000US62812,62812,ZCTA5 62812,11265
8600000US62814,62814,ZCTA5 62814,2124
8600000US62815,62815,ZCTA5 62815,416
8600000US62816,62816,ZCTA5 62816,1306
8600000US62817,62817,ZCTA5 62817,557
8600000US62818,62818,ZCTA5 62818,330
8600000US62819,62819,ZCTA5 62819,448
8600000US62820,62820,ZCTA5 62820,162
8600000US62821,62821,ZCTA5 62821,7657
8600000US62822,62822,ZCTA5 62822,2574
8600000US62823,62823,ZCTA5 62823,1691
8600000US62824,62824,ZCTA5 62824,1761
8600000US62825,62825,ZCTA5 62825,203
8600000US62827,62827,ZCTA5 62827,1245
8600000US62828,62828,ZCTA5 62828,1426
8600000US62829,62829,ZCTA5 62829,72
8600000US62830,62830,ZCTA5 62830,1392
8600000US62831,62831,ZCTA5 62831,573
8600000US62832,62832,ZCTA5 62832,9208
8600000US62833,62833,ZCTA5 62833,383
8600000US62835,62835,ZCTA5 62835,1152
8600000US62836,62836,ZCTA5 62836,801
8600000US62837,62837,ZCTA5 62837,8867
8600000US62838,62838,ZCTA5 62838,1497
8600000US62839,62839,ZCTA5 62839,6718
8600000US62841,62841,ZCTA5 62841,98
8600000US62842,62842,ZCTA5 62842,835
8600000US62843,62843,ZCTA5 62843,100
8600000US62844,62844,ZCTA5 62844,2083
8600000US62846,62846,ZCTA5 62846,2631
8600000US62848,62848,ZCTA5 62848,636
8600000US62849,62849,ZCTA5 62849,2205
8600000US62850,62850,ZCTA5 62850,381
8600000US62851,62851,ZCTA5 62851,329
8600000US62852,62852,ZCTA5 62852,160
8600000US62853,62853,ZCTA5 62853,1034
8600000US62854,62854,ZCTA5 62854,1776
8600000US62856,62856,ZCTA5 62856,324
8600000US62858,62858,ZCTA5 62858,2981
8600000US62859,62859,ZCTA5 62859,5748
8600000US62860,62860,ZCTA5 62860,524
8600000US62861,62861,ZCTA5 62861,128
8600000US62862,62862,ZCTA5 62862,364
8600000US62863,62863,ZCTA5 62863,10183
8600000US62864,62864,ZCTA5 62864,24108
8600000US62865,62865,ZCTA5 62865,2018
8600000US62867,62867,ZCTA5 62867,521
8600000US62868,62868,ZCTA5 62868,1872
8600000US62869,62869,ZCTA5 62869,2682
8600000US62870,62870,ZCTA5 62870,2080
8600000US62871,62871,ZCTA5 62871,686
8600000US62872,62872,ZCTA5 62872,1178
8600000US62874,62874,ZCTA5 62874,372
8600000US62875,62875,ZCTA5 62875,1167
8600000US62876,62876,ZCTA5 62876,247
8600000US62877,62877,ZCTA5 62877,514
8600000US62878,62878,ZCTA5 62878,410
8600000US62879,62879,ZCTA5 62879,85
8600000US62880,62880,ZCTA5 62880,717
8600000US62881,62881,ZCTA5 62881,11385
8600000US62882,62882,ZCTA5 62882,2331
8600000US62883,62883,ZCTA5 62883,591
8600000US62884,62884,ZCTA5 62884,2940
8600000US62885,62885,ZCTA5 62885,839
8600000US62886,62886,ZCTA5 62886,440
8600000US62887,62887,ZCTA5 62887,295
8600000US62888,62888,ZCTA5 62888,2135
8600000US62889,62889,ZCTA5 62889,851
8600000US62890,62890,ZCTA5 62890,2882
8600000US62891,62891,ZCTA5 62891,652
8600000US62892,62892,ZCTA5 62892,317
8600000US62893,62893,ZCTA5 62893,977
8600000US62894,62894,ZCTA5 62894,1006
8600000US62895,62895,ZCTA5 62895,2022
8600000US62896,62896,ZCTA5 62896,12626
8600000US62897,62897,ZCTA5 62897,398
8600000US62898,62898,ZCTA5 62898,2097
8600000US62899,62899,ZCTA5 62899,1612
8600000US62901,62901,ZCTA5 62901,27182
8600000US62902,62902,ZCTA5 62902,4531
8600000US62903,62903,ZCTA5 62903,2962
8600000US62905,62905,ZCTA5 62905,677
8600000US62906,62906,ZCTA5 62906,7276
8600000US62907,62907,ZCTA5 62907,2164
8600000US62908,62908,ZCTA5 62908,467
8600000US62910,62910,ZCTA5 62910,2865
8600000US62912,62912,ZCTA5 62912,1179
8600000US62914,62914,ZCTA5 62914,3147
8600000US62915,62915,ZCTA5 62915,321
8600000US62916,62916,ZCTA5 62916,995
8600000US62917,62917,ZCTA5 62917,2305
8600000US62918,62918,ZCTA5 62918,9793
8600000US62919,62919,ZCTA5 62919,1003
8600000US62920,62920,ZCTA5 62920,3265
8600000US62921,62921,ZCTA5 62921,375
8600000US62922,62922,ZCTA5 62922,3119
8600000US62923,62923,ZCTA5 62923,518
8600000US62924,62924,ZCTA5 62924,2809
8600000US62926,62926,ZCTA5 62926,2263
8600000US62927,62927,ZCTA5 62927,367
8600000US62928,62928,ZCTA5 62928,293
8600000US62930,62930,ZCTA5 62930,6263
8600000US62931,62931,ZCTA5 62931,1571
8600000US62932,62932,ZCTA5 62932,1592
8600000US62933,62933,ZCTA5 62933,1230
8600000US62934,62934,ZCTA5 62934,927
8600000US62935,62935,ZCTA5 62935,1943
8600000US62938,62938,ZCTA5 62938,3033
8600000US62939,62939,ZCTA5 62939,3119
8600000US62940,62940,ZCTA5 62940,445
8600000US62941,62941,ZCTA5 62941,808
8600000US62942,62942,ZCTA5 62942,707
8600000US62943,62943,ZCTA5 62943,715
8600000US62946,62946,ZCTA5 62946,12930
8600000US62947,62947,ZCTA5 62947,539
8600000US62948,62948,ZCTA5 62948,12865
8600000US62949,62949,ZCTA5 62949,810
8600000US62950,62950,ZCTA5 62950,193
8600000US62951,62951,ZCTA5 62951,5352
8600000US62952,62952,ZCTA5 62952,3372
8600000US62953,62953,ZCTA5 62953,360
8600000US62954,62954,ZCTA5 62954,515
8600000US62956,62956,ZCTA5 62956,869
8600000US62957,62957,ZCTA5 62957,996
8600000US62958,62958,ZCTA5 62958,2262
8600000US62959,62959,ZCTA5 62959,26948
8600000US62960,62960,ZCTA5 62960,11603
8600000US62961,62961,ZCTA5 62961,65
8600000US62962,62962,ZCTA5 62962,82
8600000US62963,62963,ZCTA5 62963,611
8600000US62964,62964,ZCTA5 62964,1456
8600000US62965,62965,ZCTA5 62965,125
8600000US62966,62966,ZCTA5 62966,15607
8600000US62967,62967,ZCTA5 62967,326
8600000US62969,62969,ZCTA5 62969,731
8600000US62970,62970,ZCTA5 62970,639
8600000US62972,62972,ZCTA5 62972,1205
8600000US62974,62974,ZCTA5 62974,1401
8600000US62975,62975,ZCTA5 62975,279
8600000US62976,62976,ZCTA5 62976,469
8600000US62977,62977,ZCTA5 62977,700
8600000US62979,62979,ZCTA5 62979,1230
8600000US62982,62982,ZCTA5 62982,1328
8600000US62983,62983,ZCTA5 62983,1504
8600000US62984,62984,ZCTA5 62984,1841
8600000US62985,62985,ZCTA5 62985,845
8600000US62987,62987,ZCTA5 62987,1174
8600000US62988,62988,ZCTA5 62988,2110
8600000US62990,62990,ZCTA5 62990,1109
8600000US62992,62992,ZCTA5 62992,1032
8600000US62994,62994,ZCTA5 62994,755
8600000US62995,62995,ZCTA5 62995,5284
8600000US62996,62996,ZCTA5 62996,535
8600000US62997,62997,ZCTA5 62997,599
8600000US62998,62998,ZCTA5 62998,419
8600000US62999,62999,ZCTA5 62999,1829
8600000US63673,63673,ZCTA5 63673,2115
